{"channel_number": 4, "rev_depends": [[1250102, [1250102]], [1250104, [1250104, 1250102]]], "depends": [[1250104, [[[1.0, 1000.0], -1], [[1001.0, 2000.0], -2]]], [1250104, [[[1.0, 1000.0], -1], [[1001.0, 2000.0], -2]]], [1250104, [[[1.0, 1000.0], -1], [[1001.0, 2000.0], -2]]], [1250104, [[[1.0, 1000.0], -1], [[1001.0, 2000.0], -2]]]], "channels": [[], [[1250102, 0, [1250104], 0, [], [[[[0.1, 0.5185420329606294], 0], [[0.5185420329606294, 1.0], 1]], [[[1.0, 5.469964896345051], 2], [[5.469964896345051, 10.0], 3]]], [[0, -25.240194968529558, 30.654397600934182, -12.782911445250283, 3.0923672969272, -0.1136451536700211], [0, 12.636207769400759, -42.55932779588104, 51.62006094239916, -25.71843279801157, 4.984580109166474], [0, -0.06795264704915634, 0.8251589594042248, -3.4253373022682894, 6.665213217230071, -3.1822120372833322], [0, 0.029901026040034126, -0.8929972057114971, 9.788534078364368, -45.5446947907382, 80.7164006096644]]]], [[1250102, 0, [1250104], 0, [], [[[[0.1, 0.5053115515054346], 0], [[0.5053115515054346, 1.0], 1]], [[[1.0, 5.246719367698164], 2], [[5.246719367698164, 10.0], 3]]], [[0, -10.21188602689966, 5.46577222606439, 0.6938027537444841, 0.43417739888832674, 0.04535466616803356], [0, 8.185385863111277, -25.127399031486288, 27.54164080786249, -11.868337223756395, 2.213041140323971], [0, 0.0260992215263973, -0.2948495623819624, 1.1197848874932974, -0.5686130509472682, 0.6948911588070348], [0, 0.05364656372546511, -1.4286428345063165, 14.063704774337593, -59.65439355189215, 96.75605432547944]]]], [[1250102, 0, [1250104], 0, [], [[[[0.1, 0.47610009763627853], 0], [[0.47610009763627853, 1.0], 1]], [[[1.0, 5.308839327328276], 2], [[5.308839327328276, 10.0], 3]]], [[0, -60.7294699594921, 63.44997420749254, -22.543630571060863, 4.205714628461647, -0.14655562741917144], [0, -9.455770013561501, 27.095287688715967, -27.920428990537484, 13.179622258869031, -1.8834693506227447], [0, -0.1251101767025312, 1.3291484588561353, -4.761114919314276, 7.689022474207564, -3.1407922587567265], [0, 0.05949049333987431, -1.7749454283477482, 19.59064396700017, -93.63118005290238, 168.55350706046912]]]], [[1250102, 0, [1250104], 0, [], [[[[0.1, 0.5220632563449037], 0], [[0.5220632563449037, 1.0], 1]], [[[1.0, 5.454834548051593], 2], [[5.454834548051593, 10.0], 3]]], [[0, 17.399464453574684, -20.52219320603489, 8.20512701475621, -0.36722675423999124, 0.0797534049384523], [0, 4.8752969018729715, -19.63631956786075, 27.31572372971486, -14.808379806722826, 3.2329416022529625], [0, 0.005572824143553713, -0.06661374731592073, 0.20796908921564985, 0.8645502173878038, -0.0268423893422666], [0, -6.790616771034076e-06, 0.0012093471372599343, -0.07885302521934491, 1.8210198703389227, -1.926774168368872]]]]]}